{"acc": 0.9333001948695314, "loss": 0.09148180161840547, "_timestamp": 1716674954.416213, "_runtime": 6.810586929321289, "_step": 7, "_wandb": {"runtime": 2}}